BP,RI,DVG_type,proportion,length_dvg,pili,Ni,ni,basename_files
2000,3000,Deletion_forward,0.1,8833,883.3000000000001,95387.0,1080,Deletion_forward_2000_3000
7000,9000,Deletion_forward,0.15,7833,1174.95,126882.0,1620,Deletion_forward_7000_9000
8000,8750,3cb/sb,0.05,2916,145.8,15745.0,540,3cb_8000_8750
3100,2200,5cb/sb,0.05,5300,265.0,28617.0,540,5cb_3100_2200
3500,5500,Insertion_reverse,0.1,11833,1183.3,127783.0,1080,Insertion_reverse_3500_5500
4100,4900,Insertion_reverse,0.25,10633,2658.25,287062.0,2700,Insertion_reverse_4100_4900
-,-,WT,0.30000000000000004,9832,2949.6000000000004,318524.0,3240,
